CriteriaTitle,Score,MaxScore,PercentageScore,ScoreDescription,ScoreTitle,TaskTitle,CustomComment,GeneratedFeedback
Code Quality,4,4,100,"Code is well-structured, efficient, and follows best practices",Excellent,Programming Assignment,,"Outstanding code quality! Your implementation demonstrates excellent understanding of software design principles. The code is clean, well-documented, and efficiently structured. You've shown mastery of best practices including proper naming conventions, modularity, and error handling. Keep up this exceptional standard!"
Problem Solving,4,4,100,Demonstrates exceptional analytical and problem-solving skills,Excellent,Analysis Task,,"Exceptional problem-solving approach! You've demonstrated strong analytical thinking by breaking down complex problems into manageable components. Your solution is both elegant and efficient, showing deep understanding of the underlying concepts. Consider sharing your methodology with peers."
Documentation,3,4,75,Documentation is clear but could include more detailed examples,Good,Technical Report,,"Good documentation overall! Your explanations are clear and well-organized. To reach the next level, consider adding more detailed code examples and edge case scenarios. Include visual diagrams where appropriate to enhance understanding. You're on the right track!"
Testing,3,4,75,Good test coverage with room for improvement in edge cases,Good,Unit Testing,,"Good testing approach! You've covered the main functionality well. To improve, focus on testing edge cases, error conditions, and boundary values. Consider implementing integration tests alongside your unit tests. Your foundation is solid."
Algorithm Design,2,4,50,Algorithm works but lacks efficiency optimization,Satisfactory,Algorithm Implementation,,"Your algorithm produces correct results, which is a good foundation. However, there's significant room for optimization. Review time and space complexity concepts, and consider using more efficient data structures. Practice analyzing algorithm performance to identify bottlenecks. Focus on these areas in your next assignment."
User Interface Design,2,4,50,Basic UI functionality present but lacks polish and usability features,Satisfactory,UI Development,,"You've implemented the basic UI requirements successfully. To improve, focus on user experience principles such as intuitive navigation, consistent styling, and responsive design. Consider accessibility standards and add proper error messaging. Review UI/UX best practices and apply them to your next project."
Error Handling,1,4,25,"Minimal error handling, application crashes on invalid input",Needs Improvement,Exception Management,,"Error handling needs significant development. Your application should gracefully handle invalid inputs and unexpected conditions. Study try-catch blocks, input validation, and defensive programming techniques. Implement comprehensive error handling in your next iteration. Consider attending the upcoming workshop on defensive programming."
Code Comments,1,4,25,"Very few comments, code purpose unclear",Needs Improvement,Code Documentation,,Your code lacks sufficient comments and documentation. This makes it difficult for others (and your future self) to understand the logic. Practice adding meaningful comments that explain the 'why' not just the 'what'. Review documentation standards for your programming language. Schedule office hours to review proper commenting techniques.
Requirements Implementation,0,4,0,"Most requirements not met, significant gaps in implementation",Not Demonstrated,Feature Development,,"This area requires substantial attention. Many core requirements were not implemented. Let's schedule a meeting to discuss the project requirements in detail and create an action plan. Break down the requirements into smaller, manageable tasks. Don't hesitate to ask questions early and often. I'm here to support your learning journey."
Database Design,4,4,100,Well-normalized database with proper relationships and constraints,Excellent,Database Schema,,"Excellent database design! Your schema is well-normalized, with appropriate relationships, constraints, and indexes. You've clearly understood relational database principles. The choice of data types is optimal, and you've implemented proper referential integrity. This is professional-level work."
Security Implementation,3,4,75,"Basic security measures in place, some advanced features missing",Good,Security Features,,"Good security implementation! You've covered the essential security measures including authentication and basic authorization. To enhance this further, consider implementing input sanitization, CSRF protection, and security headers. Review OWASP Top 10 vulnerabilities and ensure your application addresses each one."
API Design,2,4,50,API endpoints work but don't follow REST conventions,Satisfactory,REST API Development,,"Your API endpoints are functional, which is a good start. However, they don't follow RESTful conventions consistently. Study REST principles including proper HTTP methods, status codes, and resource naming. Refactor your endpoints to align with industry standards. This will make your API more intuitive and maintainable."
Performance Optimization,1,4,25,"Application is slow, no optimization attempts visible",Needs Improvement,Performance Task,,"Performance needs significant attention. The application experiences noticeable delays during common operations. Learn about caching strategies, database query optimization, and efficient algorithm selection. Use profiling tools to identify bottlenecks. Start with the most frequently-used features and optimize those first."
Version Control,3,4,75,Regular commits with mostly clear messages,Good,Git Usage,,"Good version control practices! You're making regular commits with generally clear messages. To improve, adopt conventional commit message formats and create feature branches for new work. Consider using pull requests for code review even in solo projects. These habits will serve you well in professional environments."
